Q ID	T/F question	Focus	URL	Sentence	Supporting (0-2)?
44	Is it true that sleet, rain, snow, and hail are forms of precipitation? 	precipitation	http://ww2010.atmos.uiuc.edu/%28Gh%29/guides/mtr/cld/prcp/home.rxml	Precipitation occurs in a variety of forms; hail, rain, freezing rain, sleet or snow.	2
44	Is it true that sleet, rain, snow, and hail are forms of precipitation? 	precipitation	http://ww2010.atmos.uiuc.edu/%28Gh%29/guides/mtr/cld/prcp/rnhl.rxml	Rain can also begin as ice crystals that collect each other to form large snowflakes.	0
44	Is it true that sleet, rain, snow, and hail are forms of precipitation? 	precipitation	http://ww2010.atmos.uiuc.edu/%28Gh%29/guides/mtr/cld/prcp/rnhl.rxml	Hail is a large frozen raindrop produced by intense thunderstorms, where snow and rain can coexist in the central updraft.	0
44	Is it true that sleet, rain, snow, and hail are forms of precipitation? 	precipitation	http://passporttoknowledge.com/storm/why/precipitation.htm	Height and temperature also determine whether any "precipitation" which results (from the Latin for "to fall from") will be rain or the hail associated with thunderstorms, or the snow, sleet and freezing rain we associate with winter weather.	1
44	Is it true that sleet, rain, snow, and hail are forms of precipitation? 	precipitation	http://passporttoknowledge.com/storm/why/precipitation.htm	If a snowflake falls through a region of the cloud where there's liquid water which coats the flake with more and more layers of new ice, you begin to get hail.	0
44	Is it true that sleet, rain, snow, and hail are forms of precipitation? 	precipitation	http://www.weather.com/encyclopedia/winter/precip.html	They are rain, freezing rain, snow, and sleet.	1
44	Is it true that sleet, rain, snow, and hail are forms of precipitation? 	precipitation	http://www.weather.com/encyclopedia/winter/precip.html	Snow is frozen precipitation in the form of a six-sided ice crystal.	1
44	Is it true that sleet, rain, snow, and hail are forms of precipitation? 	precipitation	http://www.weather.com/encyclopedia/winter/precip.html	Sleet is frozen precipitation falling as ice pellets.	1
44	Is it true that sleet, rain, snow, and hail are forms of precipitation? 	precipitation	http://www.theweatherprediction.com/preciptypes/	Rain is liquid precipitation that reaches the surface in the form of drops that are greater than 0.5 millimeters in diameter.	2
44	Is it true that sleet, rain, snow, and hail are forms of precipitation? 	precipitation	http://www.theweatherprediction.com/preciptypes/	Sleet (Ice Pellets) are frozen raindrops that strike the earth's surface. 	0
44	Is it true that sleet, rain, snow, and hail are forms of precipitation? 	precipitation	http://www.eo.ucar.edu/basics/wx_2_b.html	There are many different types of precipitation —rain, snow, hail, and sleet for example—yet they all have a few things in common.	2
44	Is it true that sleet, rain, snow, and hail are forms of precipitation? 	precipitation	http://www.eo.ucar.edu/basics/wx_2_b.html	Sleet forms when raindrops freeze into ice as they fall to the ground.	0
44	Is it true that sleet, rain, snow, and hail are forms of precipitation? 	precipitation	http://www.earthgauge.net/2013/rain-freezing-rain-sleet-snow-whats-the-difference	Depending on where you live, winter can bring many different forms of precipitation, including rain, freezing rain, sleet and snow.	2
44	Is it true that sleet, rain, snow, and hail are forms of precipitation? 	precipitation	http://www.earthgauge.net/2013/rain-freezing-rain-sleet-snow-whats-the-difference	Rain forms when growing cloud droplets, ice or snow crystals in clouds collide with each other, become too heavy to stay aloft and fall to the surface as precipitation.	1
44	Is it true that sleet, rain, snow, and hail are forms of precipitation? 	precipitation	http://en.wikipedia.org/wiki/Precipitation	The main forms of precipitation include drizzle, rain, sleet, snow, graupel and hail.	2
44	Is it true that sleet, rain, snow, and hail are forms of precipitation? 	precipitation	http://en.wikipedia.org/wiki/Precipitation	Precipitation is a major component of the water cycle, and is responsible for depositing the fresh water on the planet.	0
44	Is it true that sleet, rain, snow, and hail are forms of precipitation? 	precipitation	http://www.primermagazine.com/2010/field-manual/the-difference-between-snow-freezing-rain-sleet-and-hail	Snow, in turn, is a softer version of hail that gets cold earlier and stays cold longer (in the air) when compared to freezing rain.	0
44	Is it true that sleet, rain, snow, and hail are forms of precipitation? 	precipitation	http://ww2.valdosta.edu/~clmaxwell/topic.html	Each type of precipitation are different and form under different weather conditions.	0
44	Is it true that sleet, rain, snow, and hail are forms of precipitation? 	precipitation	http://ww2.valdosta.edu/~clmaxwell/topic.html	Snow - precipitation that remains frozen from the cloud to the ground.	1
44	Is it true that sleet, rain, snow, and hail are forms of precipitation? 	precipitation	http://www.metoffice.gov.uk/learning/rain/what-is-precipitation	The definition of precipitation is any form of water - liquid or solid - falling from the sky.	1
46	Is it true that animals get energy for growth and repair from food? 	food	http://www.scienceclarified.com/Mu-Oi/Nutrition.html	The term nutrition refers to the sum total of all the processes by which an organism takes in and makes use of the foods it needs to survive, grow, move, and develop.	1
46	Is it true that animals get energy for growth and repair from food? 	food	http://www.scienceclarified.com/Mu-Oi/Nutrition.html	While green plants get the energy they need directly from sunlight, animals must get the energy they need for life functions from plants.	1
46	Is it true that animals get energy for growth and repair from food? 	food	http://assessment.aaas.org/topics/ME#/	All organisms need food as a source of molecules that provide chemical energy and building materials.	1
46	Is it true that animals get energy for growth and repair from food? 	food	http://assessment.aaas.org/topics/ME#/	All organisms, including plants and animals, have mechanisms for storing molecules from food for later use. 	0
46	Is it true that animals get energy for growth and repair from food? 	food	http://leavingbio.net/nutrition%20and%20food_files/nutrition%20and%20food.htm	Living organisms need food for energy, growth, repair, defence and reproduction and for metabolism.	2
46	Is it true that animals get energy for growth and repair from food? 	food	http://leavingbio.net/nutrition%20and%20food_files/nutrition%20and%20food.htm	Nutrition is the way living things obtain and use food.	0
46	Is it true that animals get energy for growth and repair from food? 	food	http://www.bbc.co.uk/schools/gcsebitesize/science/add_ocr_gateway/green_world/photosynthesisrev1.shtml	Plants make their own food by photosynthesis.	0
46	Is it true that animals get energy for growth and repair from food? 	food	http://www.bbc.co.uk/schools/gcsebitesize/science/add_ocr_gateway/green_world/photosynthesisrev1.shtml	It is used to make cellulose for cell walls, and proteins for growth and repair.	1
46	Is it true that animals get energy for growth and repair from food? 	food	http://www.fao.org/docrep/007/y5740e/y5740e04.htm	Foods provide nutrients so we can grow and be active and healthy	1
46	Is it true that animals get energy for growth and repair from food? 	food	http://www.fao.org/docrep/007/y5740e/y5740e04.htm	The best way to make sure that we get enough of each nutrient and enough energy is to eat a mixture of foods.	1
46	Is it true that animals get energy for growth and repair from food? 	food	http://www.fao.org/docrep/w0073e/w0073e04.htm	Food serves mainly for growth, energy and body repair, maintenance and protection.	2
46	Is it true that animals get energy for growth and repair from food? 	food	http://www.fao.org/docrep/w0073e/w0073e04.htm	Proteins are necessary for growth and development of the body.	1
46	Is it true that animals get energy for growth and repair from food? 	food	http://www.aspca.org/pet-care/dog-care/nutrients-your-dog-needs	Nutrients are substances obtained from food and used by an animal as a source of energy and as part of the metabolic machinery necessary for maintenance and growth.	1
46	Is it true that animals get energy for growth and repair from food? 	food	http://www.aspca.org/pet-care/dog-care/nutrients-your-dog-needs	Proteins are the basic building blocks for cells, tissues, organs, enzymes, hormones and antibodies, and are essential for growth, maintenance, reproduction and repair.	2
46	Is it true that animals get energy for growth and repair from food? 	food	http://www.oum.ox.ac.uk/thezone/animals/life/respire.htm	The energy is needed for growth, repair and movement. 	0
46	Is it true that animals get energy for growth and repair from food? 	food	http://www.oum.ox.ac.uk/thezone/animals/life/respire.htm	During normal human respiration, glucose (a type of sugar that you get from food) reacts with oxygen to produce energy.	1
46	Is it true that animals get energy for growth and repair from food? 	food	http://www.whfoods.com/genpage.php?dbid=19&tname=faq	In addition, certain nutrients also protect your cells from damage, and nutrients in foods support your body's energy production machinery. 	1
46	Is it true that animals get energy for growth and repair from food? 	food	http://www.whfoods.com/genpage.php?dbid=19&tname=faq	One of the most comprehensive food sources for nutrients that support healthy cells is whole grains.	0
46	Is it true that animals get energy for growth and repair from food? 	food	http://www.nutristrategy.com/nutritioninfo2.htm	CALORIES are needed to provide energy so the body functions properly.	1
46	Is it true that animals get energy for growth and repair from food? 	food	http://www.nutristrategy.com/nutritioninfo2.htm	The number of calories in a food depends on the amount of energy the food provides.	1
49	Is it true that gravity causes a marble to sink to the bottom of a glass of water? 	gravity	https://www.beloit.edu/sepm/Water_Works/density_currents.html	The marble rolls quickly to the bottom of the bowl, and then it rolls back and forth, gradually slowing, until it stops.	0
49	Is it true that gravity causes a marble to sink to the bottom of a glass of water? 	gravity	https://answers.yahoo.com/question/index?qid=20070511012243AArOl8P	Because of gravity, the marble will want to go down to the botton of the glass.	2
49	Is it true that gravity causes a marble to sink to the bottom of a glass of water? 	gravity	https://answers.yahoo.com/question/index?qid=20070511012243AArOl8P	the marble will sink because of gravity, but since it's also fealing the force of the water trying to displace it, it will sink at a very slow rate.	2
49	Is it true that gravity causes a marble to sink to the bottom of a glass of water? 	gravity	http://www.csulb.edu/~lhenriqu/300demo.htm	The weight of an object is not a factor. 	0
49	Is it true that gravity causes a marble to sink to the bottom of a glass of water? 	gravity	http://www.csulb.edu/~lhenriqu/300demo.htm	The force of gravity is pulling downwards on the ball.	1
49	Is it true that gravity causes a marble to sink to the bottom of a glass of water? 	gravity	http://www.newton.dep.anl.gov/askasci/phy00/phy00291.htm	Because the water is pulled (by gravity) towards the earth with more force than the item it flows around the item and pushes it out of the way so that it is closer to the earth.	0
49	Is it true that gravity causes a marble to sink to the bottom of a glass of water? 	gravity	http://www.newton.dep.anl.gov/askasci/phy00/phy00291.htm	It is not just how heavy something is that makes it float or sink	0
55	Is it true that rotation of Earth causes day and night? 	rotation of Earth	http://www.universetoday.com/59707/what-causes-day-and-night/	Day and night is caused by the rotation of the Earth about its axis.	2
55	Is it true that rotation of Earth causes day and night? 	rotation of Earth	http://www.universetoday.com/59707/what-causes-day-and-night/	Of course, since the Earth is rotating, the illuminated places will not be illuminated forever.	1
55	Is it true that rotation of Earth causes day and night? 	rotation of Earth	https://answers.yahoo.com/question/index?qid=20130102173458AALlGLu	The actual Earth's rotation axis is tilted, which only changes the amounts of daylight and darkness in each day.	1
55	Is it true that rotation of Earth causes day and night? 	rotation of Earth	https://answers.yahoo.com/question/index?qid=20130102173458AALlGLu	Day and night is caused by the rotation of the earth on it's axis, not the tilt.	2
55	Is it true that rotation of Earth causes day and night? 	rotation of Earth	http://en.wikipedia.org/wiki/Earth%27s_rotation	Earth's rotation period relative to the Sun (true noon to true noon) is its true solar day or apparent solar day.	1
55	Is it true that rotation of Earth causes day and night? 	rotation of Earth	http://en.wikipedia.org/wiki/Earth%27s_rotation	the apparent movement of the stars is a relative motion caused by the rotation of the earth.	0
55	Is it true that rotation of Earth causes day and night? 	rotation of Earth	http://wiki.answers.com/Q/Why_does_rotation_cause_day_and_night	It is well known that the rotation of planet Earth is gradually slowing.	0
55	Is it true that rotation of Earth causes day and night? 	rotation of Earth	http://www.climatechangematters.net.au/LOTS/Earth/sub/daynight/daynight.htm	Day and night are caused by the rotation of the Earth on its axis.	2
55	Is it true that rotation of Earth causes day and night? 	rotation of Earth	http://www.climatechangematters.net.au/LOTS/Earth/sub/daynight/daynight.htm	Although the Earth rotates once every 24 hours on its polar axis through the North and South Poles, day and night do not share the 24 hours equally	1
55	Is it true that rotation of Earth causes day and night? 	rotation of Earth	http://www.kidport.com/reflib/science/space/Earth.htm	The movement of the Earth around the Sun in a fixed orbit is called as revolving.	0
55	Is it true that rotation of Earth causes day and night? 	rotation of Earth	http://www.kidport.com/reflib/science/space/Earth.htm	The Earth also rotates, or spins, on its axis.	0
4	Is it true that heat causes an ice cube to melt? 	heat	http://chem.answers.com/reactions/what-happens-when-an-ice-cube-is-melting	The transferral of this heat energy causes the bonds between the H2O particles in the ice cubes to break down, causing the ice to melt.	2
4	Is it true that heat causes an ice cube to melt? 	heat	http://chem.answers.com/reactions/what-happens-when-an-ice-cube-is-melting	When ice cubes are exposed to the air or placed into a drink, heat energy is transferred from the surrounding particles to the ice cube.	0
4	Is it true that heat causes an ice cube to melt? 	heat	http://chem.answers.com/reactions/what-happens-when-an-ice-cube-is-melting	Eventually, when sufficient heat energy has been transferred to the ice cubes, the vibrations become so strong that the bonds between the particles begin to break down, causing the ice cubes to melt.	2
4	Is it true that heat causes an ice cube to melt? 	heat	http://chem.answers.com/reactions/what-happens-when-an-ice-cube-is-melting	The melting of ice cubes may occur almost everywhere you look, but they are an excellent, and often overlooked, example of chemical processes.	0
4	Is it true that heat causes an ice cube to melt? 	heat	http://www.answers.com/mt/ice-cube	The hotter the temperature, the faster the ice cube will melt.	1
4	Is it true that heat causes an ice cube to melt? 	heat	http://www.answers.com/mt/ice-cube	At sufficiently high temperatures (surely room temperature but possibly much lower), the cubes will join because they are already starting to melt at the surfaces exposed to the air.	0
4	Is it true that heat causes an ice cube to melt? 	heat	http://www.answers.com/mt/ice-cube	Ice cube on metal melts faster than an ice cube on wood because metal is a conductor and wood is an insulator.	1
4	Is it true that heat causes an ice cube to melt? 	heat	http://cnx.org/content/m42225/latest/?collection=col11406/latest	No temperature change occurs from heat transfer if ice melts and becomes liquid water (i.e., during a phase change).	0
4	Is it true that heat causes an ice cube to melt? 	heat	http://cnx.org/content/m42225/latest/?collection=col11406/latest	Heat from the air transfers to the ice causing it to melt.	2
4	Is it true that heat causes an ice cube to melt? 	heat	http://www.ehow.com/facts_7485740_ice-cube-melt.html	Ice begins to melt when its temperature exceeds 0 degrees Celsius and hydrogen bonds between water molecules break.	1
4	Is it true that heat causes an ice cube to melt? 	heat	http://www.ehow.com/facts_7485740_ice-cube-melt.html	Ice melts when heat energy causes the molecules to move faster, breaking the hydrogen bonds between molecules to form liquid water.	2
4	Is it true that heat causes an ice cube to melt? 	heat	http://www.ehow.com/facts_7485740_ice-cube-melt.html	This is why an ice cube melts more quickly on the outside and retains its coldness and solidity longer at the center: melting is a cooling process.	0
4	Is it true that heat causes an ice cube to melt? 	heat	http://www.theweatherprediction.com/habyhints/19/	In order for ice to go from an ice to a liquid state, energy must be added to cause the ice to go from a higher state to a lower ordered state.	0
4	Is it true that heat causes an ice cube to melt? 	heat	http://www.theweatherprediction.com/habyhints/19/	When water (in any of the three phrases) moves from a higher to a lower ordered state, the air surrounding the H20 will have heat subtracted from it.	1
4	Is it true that heat causes an ice cube to melt? 	heat	http://drinks.seriouseats.com/2013/06/cocktail-science-myths-about-ice-big-cubes-are-better-dry-shaking-whiskey-dilution.html	When hot water freezes, it moves around more due to convection, which can actually help to prevent supercooling and "encourage" the water to freeze closer to 0°C.	0
4	Is it true that heat causes an ice cube to melt? 	heat	http://drinks.seriouseats.com/2013/06/cocktail-science-myths-about-ice-big-cubes-are-better-dry-shaking-whiskey-dilution.html	Then what happens is that the big ice starts cooling the atmosphere instead of your drink and you get additional dilution with no added chilling.	0
4	Is it true that heat causes an ice cube to melt? 	heat	http://drinks.seriouseats.com/2013/06/cocktail-science-myths-about-ice-big-cubes-are-better-dry-shaking-whiskey-dilution.html	A mixture of water and ethanol has a lower freezing point than water by itself, so the incredible cooling power of melting ice *can* take a drink below 0°C.	0
4	Is it true that heat causes an ice cube to melt? 	heat	http://scienceline.ucsb.edu/getkey.php?key=986	An ice cube indeed will melt faster in freshwater than in saltwater, despite the fact that salt lowers the freezing temperature of water and prevents the formation of ice (this effect is called "freezing point depression"; interestingly enough, adding salt to water will also increasing its boiling point as well, called "boiling point elevation", thereby increasing the range of temperature at which water remains in the liquid form).	1
4	Is it true that heat causes an ice cube to melt? 	heat	http://scienceline.ucsb.edu/getkey.php?key=986	As a result, the ice cube cooled off the saltwater immediately around it that it did not with the tap water, and thus the temperature difference between the ice cubes and saltwater was smaller than that with the tap water, and thus the ice cube picked up energy less rapidly by Newton's Law of Cooling.	1
4	Is it true that heat causes an ice cube to melt? 	heat	http://www.planetseed.com/laboratory/how-long-can-ice-cube-last	When heat is transferred to a solid object, such as an ice cube, the temperature of the ice rises.	1
4	Is it true that heat causes an ice cube to melt? 	heat	http://www.planetseed.com/laboratory/how-long-can-ice-cube-last	In order to melt, the ice at the surface of the cube must receive enough heat to bring its temperature up to 0ºC.	1
5	Is it true that water is usually found in nature as a liquid, solid, and gas? 	water	https://www.ucar.edu/learn/1_1_2_3t.htm	In this activity, students will construct models of the way water molecules arrange themselves in the three physical states.	1
5	Is it true that water is usually found in nature as a liquid, solid, and gas? 	water	https://www.ucar.edu/learn/1_1_2_3t.htm	Water is special not only because it covers over 70% of the earth's surface, but also because it is the only known substance that can exist in gaseous, liquid, and solid phases within the relatively narrow range of temperatures and pressures found on earth.	2
5	Is it true that water is usually found in nature as a liquid, solid, and gas? 	water	https://www.ucar.edu/learn/1_1_2_3t.htm	This simple fact accounts for the high heat capacity, surface tension, cohesion, adhesion, and other characteristics that make water so important to the earth's biosphere.	0
5	Is it true that water is usually found in nature as a liquid, solid, and gas? 	water	https://www.ucar.edu/learn/1_1_2_3t.htm	When water is in its solid state (ice), the water molecules are packed close together preventing it from changing shape.	1
5	Is it true that water is usually found in nature as a liquid, solid, and gas? 	water	https://www.ucar.edu/learn/1_1_2_3t.htm	When ice is warmed above freezing, it melts and becomes liquid water.	1
5	Is it true that water is usually found in nature as a liquid, solid, and gas? 	water	https://www.ucar.edu/learn/1_1_2_3t.htm	The third state of water is the gaseous state (water vapor).	1
5	Is it true that water is usually found in nature as a liquid, solid, and gas? 	water	https://www.ucar.edu/learn/1_1_2_3t.htm	Although we cannot see water in its gaseous state, we can feel it in the air on a hot, humid day.	1
5	Is it true that water is usually found in nature as a liquid, solid, and gas? 	water	http://en.wikipedia.org/wiki/Water	Water is a liquid at standard ambient temperature and pressure, but it often co-exists on Earth with its solid state, ice; and gaseous state, steam (water vapor).	2
5	Is it true that water is usually found in nature as a liquid, solid, and gas? 	water	http://en.wikipedia.org/wiki/Water	On Earth, 96.5% of the planet's water is found in seas and oceans, 1.7% in groundwater, 1.7% in glaciers and the ice caps of Antarctica and Greenland, a small fraction in other large water bodies, and 0.001% in the air as vapor, clouds (formed of solid and liquid water particles suspended in air), and precipitation.	2
5	Is it true that water is usually found in nature as a liquid, solid, and gas? 	water	http://en.wikipedia.org/wiki/Water	Water on Earth moves continually through the water cycle of evaporation and transpiration (evapotranspiration), condensation, precipitation, and runoff, usually reaching the sea.	0
5	Is it true that water is usually found in nature as a liquid, solid, and gas? 	water	http://en.wikipedia.org/wiki/Water	Water appears in nature in all three common states of matter (solid, liquid, and gas) and may take many different forms on Earth: water vapor and clouds in the sky, seawater in the oceans, icebergs in the polar oceans, glaciers in the mountains, fresh and salt water lakes, rivers, and aquifers in the ground.	2
5	Is it true that water is usually found in nature as a liquid, solid, and gas? 	water	http://en.wikipedia.org/wiki/Water	Water is a liquid at standard temperature and pressure.	1
5	Is it true that water is usually found in nature as a liquid, solid, and gas? 	water	http://en.wikipedia.org/wiki/Liquid	Pure substances that are liquid under normal conditions include water, ethanol and many other organic solvents.	1
5	Is it true that water is usually found in nature as a liquid, solid, and gas? 	water	http://en.wikipedia.org/wiki/Liquid	Note that this is only true under constant pressure, so e.g. water and ice in a closed, strong container might reach an equilibrium where both phases coexist.	0
5	Is it true that water is usually found in nature as a liquid, solid, and gas? 	water	http://imnh.isu.edu/digitalatlas/hydr/basics/main/chmtxt.htm	Water is unique in that it is the only natural substance that is found in all three states -- liquid, solid (ice), and gas (steam) -- at the temperatures normally found on Earth.	2
5	Is it true that water is usually found in nature as a liquid, solid, and gas? 	water	http://imnh.isu.edu/digitalatlas/hydr/basics/main/chmtxt.htm	Earth's water is constantly interacting, changing, and in movement.	0
5	Is it true that water is usually found in nature as a liquid, solid, and gas? 	water	http://imnh.isu.edu/digitalatlas/hydr/basics/main/chmtxt.htm	Water freezes at 32° Fahrenheit (F) and boils at 212° F.	1
11	Is it true that when a person speaks into a telephone, sound energy is changed mostly into electrical energy? 	electrical	http://wikieducator.org/Lesson_1:_Forms_of_Energy_and_Energy_Transformations	In this lesson, we are going to look at the forms that energy exists, namely: heat, light, sound, electrical, chemical, nuclear and mechanical.	0
11	Is it true that when a person speaks into a telephone, sound energy is changed mostly into electrical energy? 	electrical	http://wikieducator.org/Lesson_1:_Forms_of_Energy_and_Energy_Transformations	Sound energy may be converted into electrical energy for transmission, and later the electrical energy can be converted back into sound energy at the receiving end.	2
11	Is it true that when a person speaks into a telephone, sound energy is changed mostly into electrical energy? 	electrical	http://wikieducator.org/Lesson_1:_Forms_of_Energy_and_Energy_Transformations	The transformation of one form of energy into another may be accompanied by losses in the form of sound and/or heat that are often not desirable.	0
11	Is it true that when a person speaks into a telephone, sound energy is changed mostly into electrical energy? 	electrical	http://wikieducator.org/Lesson_1:_Forms_of_Energy_and_Energy_Transformations	The electric energy may subsequently be converted into light, sound or kinetic energy in our homes through various household appliances.	1
11	Is it true that when a person speaks into a telephone, sound energy is changed mostly into electrical energy? 	electrical	http://webs.mn.catholic.edu.au/physics/emery/prelim_communication.htm	When we use a mobile phone, sound energy is converted to electromagnetic energy (microwaves – high frequency radio waves) and is transferred from source to receiver via radio transmitters.	2
11	Is it true that when a person speaks into a telephone, sound energy is changed mostly into electrical energy? 	electrical	http://webs.mn.catholic.edu.au/physics/emery/prelim_communication.htm	When we use an ordinary fixed telephone, sound waves cause a diaphragm to vibrate in a magnetic field.	1
11	Is it true that when a person speaks into a telephone, sound energy is changed mostly into electrical energy? 	electrical	http://science.education.nih.gov/supplements/nih3/hearing/guide/info-hearing.htm	Sound represents vibrational energy.	0
11	Is it true that when a person speaks into a telephone, sound energy is changed mostly into electrical energy? 	electrical	http://science.education.nih.gov/supplements/nih3/hearing/guide/info-hearing.htm	The process of converting energy from one form into another is called transduction.	0
11	Is it true that when a person speaks into a telephone, sound energy is changed mostly into electrical energy? 	electrical	http://science.education.nih.gov/supplements/nih3/hearing/guide/info-hearing.htm	Many are helped to such an extent that they can carry on a telephone conversation.	0
11	Is it true that when a person speaks into a telephone, sound energy is changed mostly into electrical energy? 	electrical	https://documentation.apple.com/en/soundtrackpro/usermanual/index.html#chapter=B%26section=1%26tasks=true	Sounds contain energy in different frequency ranges, or bands.	0
11	Is it true that when a person speaks into a telephone, sound energy is changed mostly into electrical energy? 	electrical	https://documentation.apple.com/en/soundtrackpro/usermanual/index.html#chapter=B%26section=1%26tasks=true	igh-frequency energy beyond the midrange is called treble, and this adds crispness or brilliance to a sound.	0
15	When a baby shakes a rattle, it makes a noise. Is it true that mechanical energy was changed to sound energy? 	mechanical	http://quizlet.com/24502621/psychology-test-2-flash-cards/	they can perceive the difference in words that sound alike and within a month or two infants can discriminate between 3 syllable words	0
15	When a baby shakes a rattle, it makes a noise. Is it true that mechanical energy was changed to sound energy? 	mechanical	http://hubpages.com/hub/How-to-Quiet-a-Noisy-Furnace	Do You Have Rattling in Your Furnace and Ducts?	0
15	When a baby shakes a rattle, it makes a noise. Is it true that mechanical energy was changed to sound energy? 	mechanical	http://hubpages.com/hub/How-to-Quiet-a-Noisy-Furnace	Walk around and listen to see whether the sound is coming from a motor.	0
15	When a baby shakes a rattle, it makes a noise. Is it true that mechanical energy was changed to sound energy? 	mechanical	http://en.wikipedia.org/wiki/Vibration	More often, vibration is undesirable, wasting energy and creating unwanted sound – noise.	0
19	Is it true that a simple machine that helps move a flag up a flagpole is a pulley? 	a pulley	http://www.engquest.org.au/students-sm-up.cfm	An example of a fixed pulley would be a pulley at the top of a flagpole (see Diagram 9).	1
19	Is it true that a simple machine that helps move a flag up a flagpole is a pulley? 	a pulley	http://www.engquest.org.au/students-sm-up.cfm	Because of the pulley at the top, the person raising the flag can stand on the ground and hoist the flag by pulling down on the rope.	2
19	Is it true that a simple machine that helps move a flag up a flagpole is a pulley? 	a pulley	http://www.engquest.org.au/students-sm-up.cfm	Did you spot the two examples of pulleys in the Simple Machines Animation?	1
19	Is it true that a simple machine that helps move a flag up a flagpole is a pulley? 	a pulley	http://schoolmediainteractive.com/view/object/video/10E4ECDBE18EBAC08F1A0D5C11148E96?objt	Simple machines help us do work by increasing force, changing the direction of force, or by changing the speed at which work is done.	1
19	Is it true that a simple machine that helps move a flag up a flagpole is a pulley? 	a pulley	http://schoolmediainteractive.com/view/object/video/10E4ECDBE18EBAC08F1A0D5C11148E96?objt	Then go out and observe the pulley at the top of the school flagpole.	1
19	Is it true that a simple machine that helps move a flag up a flagpole is a pulley? 	a pulley	http://schoolmediainteractive.com/view/object/video/10E4ECDBE18EBAC08F1A0D5C11148E96?objt	The six simple machines are: inclined plane, wedge, screw, lever, wheel and axle, and pulley.	1
19	Is it true that a simple machine that helps move a flag up a flagpole is a pulley? 	a pulley	http://examples.yourdictionary.com/pulley-examples.html	A pulley is one of the original simple machines.	1
19	Is it true that a simple machine that helps move a flag up a flagpole is a pulley? 	a pulley	http://examples.yourdictionary.com/pulley-examples.html	Flagpoles use pulleys in order to hoist the flag up or to bring it down.	2
19	Is it true that a simple machine that helps move a flag up a flagpole is a pulley? 	a pulley	http://www.teachengineering.org/view_lesson.php?url=collection/cub_/lessons/cub_simple/cub_simple_lesson05.xml	No one knows for sure if pulleys were one of the simple machines that ancient cultures used to build pyramids.	1
19	Is it true that a simple machine that helps move a flag up a flagpole is a pulley? 	a pulley	http://www.teachengineering.org/view_lesson.php?url=collection/cub_/lessons/cub_simple/cub_simple_lesson05.xml	A pulley is a simple machine consisting of a string (or rope) wrapped around a wheel (sometimes with a groove) with one end of the string attached to an object and the other end attached to a person or a motor.	1
19	Is it true that a simple machine that helps move a flag up a flagpole is a pulley? 	a pulley	http://www.teachengineering.org/view_lesson.php?url=collection/cub_/lessons/cub_simple/cub_simple_lesson05.xml	Some common examples are large construction cranes that use pulleys to lift heavy objects with what would normally be a very underpowered motor (see Figure 1), weight machines at a gym, some elevators, flagpoles, window blinds, bicycle rings/chains, clotheslines, water well bucket/rope, zip lines, motors, rock climbing devices, and sailing and fishing boats (see Figure 2).	1
19	Is it true that a simple machine that helps move a flag up a flagpole is a pulley? 	a pulley	http://www.teachengineering.org/view_lesson.php?url=collection/cub_/lessons/cub_simple/cub_simple_lesson05.xml	Although this is a helpful and convenient use for pulleys, it has a major limitation: the force you must apply to lift the object is the same amount as if you were just lifting the object without the pulley (which is acceptable for raising a flag, but not helpful enough if trying to raise a pyramid stone).	1
24	Is it true that a graduated cylinder is used to measure the volume of a liquid? 	graduated cylinder	http://en.wikipedia.org/wiki/Graduated_cylinder	A graduated cylinder, measuring cylinder or mixing cylinder is a piece of laboratory equipment used to measure the volume of a liquid	2
24	Is it true that a graduated cylinder is used to measure the volume of a liquid? 	graduated cylinder	http://en.wikipedia.org/wiki/Graduated_cylinder	For these reasons, graduated cylinders should not be used to perform volumetric analysis.	0
24	Is it true that a graduated cylinder is used to measure the volume of a liquid? 	graduated cylinder	http://www.msnucleus.org/membership/html/k-6/as/scimath/3/assm3_5a.html	Students learn to measure liquids in a graduated cylinder	2
24	Is it true that a graduated cylinder is used to measure the volume of a liquid? 	graduated cylinder	http://www.msnucleus.org/membership/html/k-6/as/scimath/3/assm3_5a.html	They will use a container called a graduated cylinder to measure liquids.	1
24	Is it true that a graduated cylinder is used to measure the volume of a liquid? 	graduated cylinder	http://www.msnucleus.org/membership/html/k-6/as/scimath/3/assm3_5a.html	Graduated cylinders have numbers on the side that help you determine the volume.	1
24	Is it true that a graduated cylinder is used to measure the volume of a liquid? 	graduated cylinder	http://www.webassign.net/sample/ncsugenchem202labv1/equipment/manual.html	Most students are familiar with graduated cylinders, which are used to measure and dispense known volumes of liquids.	2
24	Is it true that a graduated cylinder is used to measure the volume of a liquid? 	graduated cylinder	http://www.webassign.net/sample/ncsugenchem202labv1/equipment/manual.html	Measurements made with a graduated cylinder can be reported to three significant figures.	0
24	Is it true that a graduated cylinder is used to measure the volume of a liquid? 	graduated cylinder	http://dl.clackamas.cc.or.us/ch104-02/volume_meas.htm	You should be able to measure the volume of liquids in a graduated cylinder.	2
24	Is it true that a graduated cylinder is used to measure the volume of a liquid? 	graduated cylinder	http://dl.clackamas.cc.or.us/ch104-02/volume_meas.htm	How precisely you can measure volume depends on the size and type of graduated cylinder you use.	1
24	Is it true that a graduated cylinder is used to measure the volume of a liquid? 	graduated cylinder	http://dl.clackamas.cc.or.us/ch104-02/volume_meas.htm	A 10 milliliter cylinder, for example, usually has one tenth of a milliliter for each graduation, but some have two-tenths milliliter for each graduation.	0
24	Is it true that a graduated cylinder is used to measure the volume of a liquid? 	graduated cylinder	http://chem.answers.com/chemistry-basics/the-process-for-reading-a-graduated-cylinder	A graduated cylinder is used in chemistry experiments to measure the volume of liquid.	2
24	Is it true that a graduated cylinder is used to measure the volume of a liquid? 	graduated cylinder	http://chem.answers.com/chemistry-basics/the-process-for-reading-a-graduated-cylinder	When you begin your measuring, it is important that you to use the correct size of graduated cylinder.	0
24	Is it true that a graduated cylinder is used to measure the volume of a liquid? 	graduated cylinder	http://chem.answers.com/chemistry-basics/the-process-for-reading-a-graduated-cylinder	As you can see, reading a graduated cylinder can be an easy process if you understand how to measure the liquid.	0
24	Is it true that a graduated cylinder is used to measure the volume of a liquid? 	graduated cylinder	http://www.esu.edu/~scady/measurement.shtml	Graduated cylinders are calibrated to contain (TC) or to deliver (TD) a precise amount of liquid at a given temperature, usually 20 °C.	1
24	Is it true that a graduated cylinder is used to measure the volume of a liquid? 	graduated cylinder	http://www.esu.edu/~scady/measurement.shtml	A graduated cylinder marked TC will hold the volume measured but will not deliver that volume to the container when transferred.	0
24	Is it true that a graduated cylinder is used to measure the volume of a liquid? 	graduated cylinder	http://web.centre.edu/che/che131_lab/volumetricGlassware.htm	The TC notation, used on volumetric flasks and (most) graduated cylinders, means that the markings give an accurate measure of the volume contained, but that pouring the liquid into another container will not necessarily deliver the indicated volume.	1
24	Is it true that a graduated cylinder is used to measure the volume of a liquid? 	graduated cylinder	http://web.centre.edu/che/che131_lab/volumetricGlassware.htm	Pipets are used to measure and dispense liquids accurately (more so than a graduated cylinder).	1
24	Is it true that a graduated cylinder is used to measure the volume of a liquid? 	graduated cylinder	http://en.wikibooks.org/wiki/High_School_Chemistry/Making_Measurements	It would be easier to measure out the volume in a graduated cylinder.	1
25	Is it true that heat is needed to change water from a liquid to a gas? 	heat	http://www.mikeblaber.org/oldwine/chm1045/notes/Forces/State/Forces04.htm	The heat needed for the vaporization of a liquid is called the heat of vaporization	1
25	Is it true that heat is needed to change water from a liquid to a gas? 	heat	http://www.mikeblaber.org/oldwine/chm1045/notes/Forces/State/Forces04.htm	Vaporization requires the input of heat energy.	1
25	Is it true that heat is needed to change water from a liquid to a gas? 	heat	http://hyperphysics.phy-astr.gsu.edu/hbase/thermo/phase2.html	The energy required to change a gram of a substance from the solid to the liquid state without changing its temperature is commonly called it's "heat of fusion"	1
25	Is it true that heat is needed to change water from a liquid to a gas? 	heat	http://hyperphysics.phy-astr.gsu.edu/hbase/thermo/phase2.html	The energy required to change a gram of a liquid into the gaseous state at the boiling point is called the "heat of vaporization".	1
25	Is it true that heat is needed to change water from a liquid to a gas? 	heat	http://www.chem.fsu.edu/chemlab/chm1046course/liquids.html	Vaporization is the process of converting a liquid into a gas.	1
25	Is it true that heat is needed to change water from a liquid to a gas? 	heat	http://www.chem.fsu.edu/chemlab/chm1046course/liquids.html	Since we know that the particles of a gas are moving faster than those of a liquid, an input of energy must be required for a liquid to become a gas.	1
25	Is it true that heat is needed to change water from a liquid to a gas? 	heat	http://www.chem.fsu.edu/chemlab/chm1046course/liquids.html	The most common way to add energy to a liquid system is by adding heat.	1
25	Is it true that heat is needed to change water from a liquid to a gas? 	heat	http://www.chem.fsu.edu/chemlab/chm1046course/liquids.html	And if you must add energy/heat a liquid to convert it to a gas, then you must remove energy from or cool a gas to convert it into a liquid.	2
25	Is it true that heat is needed to change water from a liquid to a gas? 	heat	http://en.wikipedia.org/wiki/Enthalpy_of_vaporization	The enthalpy of vaporization, (symbol ∆Hvap) also known as the (latent) heat of vaporization or heat of evaporation, is the enthalpy change required to transform a given quantity of a substance from a liquid into a gas at a given pressure (often atmospheric pressure, as in STP).	1
25	Is it true that heat is needed to change water from a liquid to a gas? 	heat	http://en.wikipedia.org/wiki/Enthalpy_of_vaporization	The enthalpy of condensation (or heat of condensation) is by definition equal to the enthalpy of vaporization with the opposite sign: enthalpy changes of vaporization are always positive (heat is absorbed by the substance), whereas enthalpy changes of condensation are always negative (heat is released by the substance).	0
30	Is it true that exercising daily is one way that humans can maintain good health? 	exercising daily	http://www.mayoclinic.org/healthy-living/fitness/in-depth/exercise/art-20048389	You know exercise is good for you, but do you know how good?	1
30	Is it true that exercising daily is one way that humans can maintain good health? 	exercising daily	http://www.mayoclinic.org/healthy-living/fitness/in-depth/exercise/art-20048389	Exercise can help prevent excess weight gain or help maintain weight loss.	1
30	Is it true that exercising daily is one way that humans can maintain good health? 	exercising daily		Exercise combats health conditions and diseases	1
30	Is it true that exercising daily is one way that humans can maintain good health? 	exercising daily	http://www.cdc.gov/physicalactivity/everyone/health/	Regular physical activity is one of the most important things you can do for your health.	1
30	Is it true that exercising daily is one way that humans can maintain good health? 	exercising daily	http://www.cdc.gov/physicalactivity/everyone/health/	The bottom line is - the health benefits of physical activity far outweigh the risks of getting hurt.	1
30	Is it true that exercising daily is one way that humans can maintain good health? 	exercising daily	http://www.cdc.gov/physicalactivity/everyone/guidelines/adults.html	If you are an adult with a disability, regular physical activity can provide you with important health benefits, like a stronger heart, lungs, and muscles, improved mental health, and a better ability to do everyday tasks.	1
30	Is it true that exercising daily is one way that humans can maintain good health? 	exercising daily	http://www.hsph.harvard.edu/nutritionsource/staying-active-full-story/	Regular exercise or physical activity helps many of the body’s systems function better, keeps heart disease, diabetes, and a host of other diseases at bay, and is a key ingredient for losing weight.	1
30	Is it true that exercising daily is one way that humans can maintain good health? 	exercising daily	http://www.hsph.harvard.edu/nutritionsource/staying-active-full-story/	If exercise and regular physical activity benefit the body, a sedentary lifestyle does the opposite, increasing the chances of becoming overweight and developing a number of chronic diseases.	1
30	Is it true that exercising daily is one way that humans can maintain good health? 	exercising daily	http://www.hsph.harvard.edu/nutritionsource/staying-active-full-story/	Being a “couch potato” may be harmful even for people who get regular exercise.	0
30	Is it true that exercising daily is one way that humans can maintain good health? 	exercising daily	http://www.health.gov/paguidelines/blog/post/How-Much-Daily-Exercise-is-Best-for-Weight-Loss.aspx	The authors concluded that while one group of overweight men performed twice the amount of daily aerobic exercise, the decrease in body weight and body fat was no greater than the group that performed half as much.	0
36	Is it true that exercising every day is an example of a good health habit? 	exercising every day	http://familydoctor.org/familydoctor/en/seniors/staying-healthy/good-health-habits-at-age-60-and-beyond.html	Physical activity is good for people at any age.	1
36	Is it true that exercising every day is an example of a good health habit? 	exercising every day	http://familydoctor.org/familydoctor/en/seniors/staying-healthy/good-health-habits-at-age-60-and-beyond.html	For people who have these conditions, a lack of exercise is a bigger risk than an exercise-related injury.	0
36	Is it true that exercising every day is an example of a good health habit? 	exercising every day	http://kidshealth.org/teen/your_body/take_care/healthy_weight.html	The keys to reaching or staying at a healthy weight are regular exercise and good eating habits.	2
36	Is it true that exercising every day is an example of a good health habit? 	exercising every day		The good news is that it's OK to divide it into shorter "exercise breaks" throughout the day.	0
36	Is it true that exercising every day is an example of a good health habit? 	exercising every day		Committing to exercise is always a difficult thing.	0
36	Is it true that exercising every day is an example of a good health habit? 	exercising every day		I’m going to exercise every day.	0
36	Is it true that exercising every day is an example of a good health habit? 	exercising every day		Here are 20 proven ways to make exercise a habit.	0
36	Is it true that exercising every day is an example of a good health habit? 	exercising every day		You can talk about starting an exercise regiment and eating healthier foods all you want, but nothing will change until you START DOING IT.	0
36	Is it true that exercising every day is an example of a good health habit? 	exercising every day	http://www.mayoclinic.org/healthy-living/weight-loss/in-depth/weight-loss/art-20047752	Generally to lose 1 to 2 pounds a week, you need to burn 500 to 1,000 calories more than you consume each day, through a lower calorie diet and regular exercise.	0
36	Is it true that exercising every day is an example of a good health habit? 	exercising every day	http://www.mayoclinic.org/healthy-living/weight-loss/in-depth/weight-loss/art-20047752	"Exercise every day" is an example of a process goal.	0
40	Is it true that a pumpkin is a fruit? 	pumpkin	http://en.wikipedia.org/wiki/Pumpkin	All pumpkins are winter squash: mature fruit of certain species in the genus Cucurbita.	2
63	Is it true that a decomposer is an organism that recycles nutrients? 	recycles nutrients	http://www.smithlifescience.com/ProducersConsumersDecomposers.htm	Without the decomposers, there could be no life since plants would run out of nutrients.	2
63	Is it true that a decomposer is an organism that recycles nutrients? 	recycles nutrients	http://www.smithlifescience.com/ProducersConsumersDecomposers.htm	A consumer is the organisms that obtain nutrients from other organisms.	0
63	Is it true that a decomposer is an organism that recycles nutrients? 	recycles nutrients	http://en.wikipedia.org/wiki/Decomposer	Bacteria are vital in the recycling of nutrients, and many steps in nutrient cycles depend on these organisms.	2
63	Is it true that a decomposer is an organism that recycles nutrients? 	recycles nutrients	http://en.wikipedia.org/wiki/Decomposer	Decomposers or saprotrophs are organisms that break down dead or decaying organisms, and in doing so carry out the natural process of decomposition.[	0
63	Is it true that a decomposer is an organism that recycles nutrients? 	recycles nutrients	http://en.wikipedia.org/wiki/Decomposer	Hyphae used to break down matter and absorb nutrients are also used in reproduction.	1
63	Is it true that a decomposer is an organism that recycles nutrients? 	recycles nutrients	http://www.bbc.co.uk/schools/gcsebitesize/science/add_ocr_gateway/green_world/decayrev1.shtml	Decay recycles important nutrients for plant growth.	2
63	Is it true that a decomposer is an organism that recycles nutrients? 	recycles nutrients	http://www.bbc.co.uk/schools/gcsebitesize/science/add_ocr_gateway/green_world/decayrev1.shtml	Decomposers such as bacteria and fungi cause decay at a microscopic level.	0
63	Is it true that a decomposer is an organism that recycles nutrients? 	recycles nutrients	http://www.unitedstreaming.com/videos/dsc/data/8c090db8-b492-4d6b-b286-99ad57e8ee38.pdf	These organisms break down dead plants and animals into nutrients in a process called decomposition.	2
63	Is it true that a decomposer is an organism that recycles nutrients? 	recycles nutrients	http://www.unitedstreaming.com/videos/dsc/data/8c090db8-b492-4d6b-b286-99ad57e8ee38.pdf	They put these nutrients back into the soil, where the nutrients can be used by plants.	0
63	Is it true that a decomposer is an organism that recycles nutrients? 	recycles nutrients	http://mrscwhite.files.wordpress.com/2011/11/nsp7sb044.pdf	Moulds and bacteria spoil food, but by doing so they recycle nutrients within the ecosystem.	2
63	Is it true that a decomposer is an organism that recycles nutrients? 	recycles nutrients	http://mrscwhite.files.wordpress.com/2011/11/nsp7sb044.pdf	Without decomposers, nutrients would remain locked in the tissues of dead plants and animals.	1
63	Is it true that a decomposer is an organism that recycles nutrients? 	recycles nutrients	http://mrscwhite.files.wordpress.com/2011/11/nsp7sb044.pdf	Decomposers break down matter and turn it into the nutrients that living things need every day	2
63	Is it true that a decomposer is an organism that recycles nutrients? 	recycles nutrients	http://mrscwhite.files.wordpress.com/2011/11/nsp7sb044.pdf	The nutrients from the decomposing salmon are not only used by the next generation of salmon.	0
63	Is it true that a decomposer is an organism that recycles nutrients? 	recycles nutrients	http://www.teachengineering.org/view_lesson.php?url=collection/cub_/lessons/cub_bio/cub_bio_lesson06.xml	Decomposers can recycle dead plants and animals into chemical nutrients such as carbon and nitrogen that are released back into the soil, air and water as food for living plants and animals.	1
63	Is it true that a decomposer is an organism that recycles nutrients? 	recycles nutrients	http://www.teachengineering.org/view_lesson.php?url=collection/cub_/lessons/cub_bio/cub_bio_lesson06.xml	When they eat, they take in nutrients from microorganisms as well as soil and tiny pebbles.	0
63	Is it true that a decomposer is an organism that recycles nutrients? 	recycles nutrients	http://www.teachengineering.org/view_lesson.php?url=collection/cub_/lessons/cub_bio/cub_bio_lesson06.xml	Students investigate decomposers and the role of decomposers in maintaining the flow of nutrients in an environment.	2
63	Is it true that a decomposer is an organism that recycles nutrients? 	recycles nutrients	https://www.boundless.com/microbiology/microbial-ecology/microbial-ecology/organization-of-ecosystems/	Other microbes are decomposers, with the ability to recycle nutrients from dead organic matter and other organisms' waste products.	2
63	Is it true that a decomposer is an organism that recycles nutrients? 	recycles nutrients	https://www.boundless.com/microbiology/microbial-ecology/microbial-ecology/organization-of-ecosystems/	Microorganisms serve essential roles in the complex nutrient exchange system that defines an ecological community.	1
63	Is it true that a decomposer is an organism that recycles nutrients? 	recycles nutrients	https://www.boundless.com/microbiology/microbial-ecology/microbial-ecology/organization-of-ecosystems/	Additionally, the movement of mineral nutrients in the food chain is cyclic rather than linear. 	0
63	Is it true that a decomposer is an organism that recycles nutrients? 	recycles nutrients	http://www.smithlifescience.com/ProducersConsumersDecomposers.htm	Without the decomposers, there could be no life since plants would run out of nutrients.	2
63	Is it true that a decomposer is an organism that recycles nutrients? 	recycles nutrients	http://www.smithlifescience.com/ProducersConsumersDecomposers.htm	A consumer is the organisms that obtain nutrients from other organisms.	0
63	Is it true that a decomposer is an organism that recycles nutrients? 	recycles nutrients	http://en.wikipedia.org/wiki/Decomposer	Bacteria are vital in the recycling of nutrients, and many steps in nutrient cycles depend on these organisms.	2
63	Is it true that a decomposer is an organism that recycles nutrients? 	recycles nutrients	http://en.wikipedia.org/wiki/Decomposer	Decomposers or saprotrophs are organisms that break down dead or decaying organisms, and in doing so carry out the natural process of decomposition.[	0
63	Is it true that a decomposer is an organism that recycles nutrients? 	recycles nutrients	http://en.wikipedia.org/wiki/Decomposer	Hyphae used to break down matter and absorb nutrients are also used in reproduction.	1
63	Is it true that a decomposer is an organism that recycles nutrients? 	recycles nutrients	http://www.bbc.co.uk/schools/gcsebitesize/science/add_ocr_gateway/green_world/decayrev1.shtml	Decay recycles important nutrients for plant growth.	2
63	Is it true that a decomposer is an organism that recycles nutrients? 	recycles nutrients	http://www.bbc.co.uk/schools/gcsebitesize/science/add_ocr_gateway/green_world/decayrev1.shtml	Decomposers such as bacteria and fungi cause decay at a microscopic level.	0
63	Is it true that a decomposer is an organism that recycles nutrients? 	recycles nutrients	http://www.unitedstreaming.com/videos/dsc/data/8c090db8-b492-4d6b-b286-99ad57e8ee38.pdf	These organisms break down dead plants and animals into nutrients in a process called decomposition.	2
63	Is it true that a decomposer is an organism that recycles nutrients? 	recycles nutrients	http://www.unitedstreaming.com/videos/dsc/data/8c090db8-b492-4d6b-b286-99ad57e8ee38.pdf	They put these nutrients back into the soil, where the nutrients can be used by plants.	0
63	Is it true that a decomposer is an organism that recycles nutrients? 	recycles nutrients	http://mrscwhite.files.wordpress.com/2011/11/nsp7sb044.pdf	Moulds and bacteria spoil food, but by doing so they recycle nutrients within the ecosystem.	2
63	Is it true that a decomposer is an organism that recycles nutrients? 	recycles nutrients	http://mrscwhite.files.wordpress.com/2011/11/nsp7sb044.pdf	Without decomposers, nutrients would remain locked in the tissues of dead plants and animals.	1
63	Is it true that a decomposer is an organism that recycles nutrients? 	recycles nutrients	http://mrscwhite.files.wordpress.com/2011/11/nsp7sb044.pdf	Decomposers break down matter and turn it into the nutrients that living things need every day	2
63	Is it true that a decomposer is an organism that recycles nutrients? 	recycles nutrients	http://mrscwhite.files.wordpress.com/2011/11/nsp7sb044.pdf	The nutrients from the decomposing salmon are not only used by the next generation of salmon.	0
63	Is it true that a decomposer is an organism that recycles nutrients? 	recycles nutrients	http://www.teachengineering.org/view_lesson.php?url=collection/cub_/lessons/cub_bio/cub_bio_lesson06.xml	Decomposers can recycle dead plants and animals into chemical nutrients such as carbon and nitrogen that are released back into the soil, air and water as food for living plants and animals.	1
63	Is it true that a decomposer is an organism that recycles nutrients? 	recycles nutrients	http://www.teachengineering.org/view_lesson.php?url=collection/cub_/lessons/cub_bio/cub_bio_lesson06.xml	When they eat, they take in nutrients from microorganisms as well as soil and tiny pebbles.	0
63	Is it true that a decomposer is an organism that recycles nutrients? 	recycles nutrients	http://www.teachengineering.org/view_lesson.php?url=collection/cub_/lessons/cub_bio/cub_bio_lesson06.xml	Students investigate decomposers and the role of decomposers in maintaining the flow of nutrients in an environment.	2
63	Is it true that a decomposer is an organism that recycles nutrients? 	recycles nutrients	https://www.boundless.com/microbiology/microbial-ecology/microbial-ecology/organization-of-ecosystems/	Other microbes are decomposers, with the ability to recycle nutrients from dead organic matter and other organisms' waste products.	2
63	Is it true that a decomposer is an organism that recycles nutrients? 	recycles nutrients	https://www.boundless.com/microbiology/microbial-ecology/microbial-ecology/organization-of-ecosystems/	Microorganisms serve essential roles in the complex nutrient exchange system that defines an ecological community.	1
63	Is it true that a decomposer is an organism that recycles nutrients? 	recycles nutrients	https://www.boundless.com/microbiology/microbial-ecology/microbial-ecology/organization-of-ecosystems/	Additionally, the movement of mineral nutrients in the food chain is cyclic rather than linear. 	0
72	Is it true that sleet and hail are forms of precipitation? 	precipitation	http://ww2.valdosta.edu/~clmaxwell/topic.html	Each type of precipitation are different and form under different weather conditions.	0
75	A marble is dropped in a glass of water. Is it true that gravity pulls the marble to the bottom of the glass? 		http://science-notebook.com/forces01.html	It is that force which holds us to the ground and keeps us from flying off into space.	1
75	A marble is dropped in a glass of water. Is it true that gravity pulls the marble to the bottom of the glass? 		http://science-notebook.com/forces01.html	The force of gravity exerted by the earth tends to draw all objects under it’s influence toward the center of the earth.	2
75	A marble is dropped in a glass of water. Is it true that gravity pulls the marble to the bottom of the glass? 		http://science-notebook.com/forces01.html	he earth’s gravity pulls all objects directly toward the center of the earth.	2
75	A marble is dropped in a glass of water. Is it true that gravity pulls the marble to the bottom of the glass? 		http://science-notebook.com/forces01.html	The forward speed of an object does not affect the force of gravity on that object.	0
75	A marble is dropped in a glass of water. Is it true that gravity pulls the marble to the bottom of the glass? 		http://www.newton.dep.anl.gov/askasci/phy05/phy05195.htm	The falling would be due to nothing but gravity.	2
75	A marble is dropped in a glass of water. Is it true that gravity pulls the marble to the bottom of the glass? 		http://www.newton.dep.anl.gov/askasci/phy05/phy05195.htm	Gravity just depends on the mass of the object (although technically the force of gravity changes slight from location to location).	0
75	A marble is dropped in a glass of water. Is it true that gravity pulls the marble to the bottom of the glass? 		http://www.newton.dep.anl.gov/askasci/phy05/phy05195.htm	That is because the gravity force increases with the cube of radius, but the drag force only proportionally with radius. 	0
75	A marble is dropped in a glass of water. Is it true that gravity pulls the marble to the bottom of the glass? 		http://cnx.org/content/m42196/latest/?collection=col11406/latest	Specific gravity is the ratio of the density of an object to a fluid (usually water).	0
75	A marble is dropped in a glass of water. Is it true that gravity pulls the marble to the bottom of the glass? 		http://www.vidyaonline.net/dl/400wizard.pdf	The earth’s gravity pulls the air down, just as everything else on earth is pulled down.	2
75	A marble is dropped in a glass of water. Is it true that gravity pulls the marble to the bottom of the glass? 		http://www.vidyaonline.net/dl/400wizard.pdf	Gravity then pulls it down into the glass.	2
80	Is it true that a turtle eating worms is an example of taking in nutrients? 	taking in nutrients	http://wiki.answers.com/Q/A_turtle_eating_worms_is_an_example_of	Yes, turtles eat worms but it would be wiser to feed them turtle food from the pet store because it would give them the right strength and nutrients it needs to be a healthy	2
80	Is it true that a turtle eating worms is an example of taking in nutrients? 	taking in nutrients	http://boxturtlesite.info/diet.html	Wild turtles are omnivores and in will eat earthworms, snails, grubs, beetles, caterpillars, carrion, grasses, fallen fruit, berries, mushrooms and flowers.	0
80	Is it true that a turtle eating worms is an example of taking in nutrients? 	taking in nutrients	http://www.takingcharge.csh.umn.edu/explore-healing-practices/food-medicine/how-does-food-impact-health	Thinking about food in this way gives us a view of nutrition that goes beyond calories or grams, good foods or bad foods.	1
80	Is it true that a turtle eating worms is an example of taking in nutrients? 	taking in nutrients	http://www.takingcharge.csh.umn.edu/explore-healing-practices/food-medicine/how-does-food-impact-health	And the food we eat is an important factor in that dysfunction, in part because our diets lack the necessary balance of nutrients	1
80	Is it true that a turtle eating worms is an example of taking in nutrients? 	taking in nutrients	http://articles.mercola.com/sites/articles/archive/2010/11/29/recommended-vegetable-list.aspx	Juicing helps you absorb most of the nutrients from the vegetables. 	0
80	Is it true that a turtle eating worms is an example of taking in nutrients? 	taking in nutrients	http://veterinary.answers.com/cats/understanding-cat-roundworms-and-how-to-treat-them	The worms live in the intestines, taking nutrients from the animal's diet.	2
